Class Name,Wing,Class Teacher,Total Periods / Week,Subject Breakdown,Eng,Hindi,Maths,EVS,Science,SST,SKT,Dictation & Cursive,Eng Read,Hindi Read,GK,IT,Art & Craft,Games,Yoga,Music,Physics,Chem,Bio,Bio / Maths,PE,PE Practical,Account,BST,Eco,Political Sci,Geo,Library
CLASS 1 Rose,Primary (1-5),Swati Napit,34,Dictation & Cursive - 5; EVS - 4; Eng - 4; Hindi - 4; Maths - 4; Art & Craft - 2; Eng Read - 2; GK - 2; Games - 2; Hindi Read - 2; IT - 2; Yoga - 1,4,4,4,4,0,0,0,5,2,2,2,2,2,2,1,0,0,0,0,0,0,0,0,0,0,0,0,0
CLASS 1 Marigold,Primary (1-5),Anjali Jain,34,Dictation & Cursive - 5; EVS - 4; Eng - 4; Hindi - 4; Maths - 4; Art & Craft - 2; Eng Read - 2; GK - 2; Games - 2; Hindi Read - 2; IT - 2; Yoga - 1,4,4,4,4,0,0,0,5,2,2,2,2,2,2,1,0,0,0,0,0,0,0,0,0,0,0,0,0
CLASS 1 Lily,Primary (1-5),Raji Jain,34,Maths - 5; Dictation & Cursive - 4; EVS - 4; Eng - 4; Hindi - 4; Art & Craft - 2; Eng Read - 2; GK - 2; Games - 2; Hindi Read - 2; IT - 2; Yoga - 1,4,4,5,4,0,0,0,4,2,2,2,2,2,2,1,0,0,0,0,0,0,0,0,0,0,0,0,0
CLASS 1 Sunflower,Primary (1-5),Sanskriti Singhai,34,EVS - 5; Hindi - 5; Dictation & Cursive - 4; Eng - 4; Maths - 3; Art & Craft - 2; Eng Read - 2; GK - 2; Games - 2; Hindi Read - 2; IT - 2; Yoga - 1,4,5,3,5,0,0,0,4,2,2,2,2,2,2,1,0,0,0,0,0,0,0,0,0,0,0,0,0
CLASS 2 Rose,Primary (1-5),Reenu Yadav,34,Dictation & Cursive - 5; EVS - 4; Eng - 4; Hindi - 4; Maths - 4; Art & Craft - 2; Eng Read - 2; GK - 2; Games - 2; Hindi Read - 2; IT - 2; Yoga - 1,4,4,4,4,0,0,0,5,2,2,2,2,2,2,1,0,0,0,0,0,0,0,0,0,0,0,0,0
CLASS 2 Marigold,Primary (1-5),Arti Ahirwar,34,Dictation & Cursive - 5; EVS - 4; Eng - 4; Hindi - 4; Maths - 4; Art & Craft - 2; Eng Read - 2; GK - 2; Games - 2; Hindi Read - 2; IT - 2; Yoga - 1,4,4,4,4,0,0,0,5,2,2,2,2,2,2,1,0,0,0,0,0,0,0,0,0,0,0,0,0
CLASS 2 Lily,Primary (1-5),Kalyani Choudhary,34,Dictation & Cursive - 5; EVS - 4; Eng - 4; Hindi - 4; Maths - 4; Art & Craft - 2; Eng Read - 2; GK - 2; Games - 2; Hindi Read - 2; IT - 2; Yoga - 1,4,4,4,4,0,0,0,5,2,2,2,2,2,2,1,0,0,0,0,0,0,0,0,0,0,0,0,0
CLASS 3 Rose,Primary (1-5),Vandna Saraf,34,Eng - 6; Hindi - 6; EVS - 5; Maths - 5; Art & Craft - 2; Dictation & Cursive - 2; GK - 2; Games - 2; IT - 2; Music - 1; Yoga - 1,6,6,5,5,0,0,0,2,0,0,2,2,2,2,1,1,0,0,0,0,0,0,0,0,0,0,0,0
CLASS 3 Marigold,Primary (1-5),Shilpi Sahu,34,Eng - 6; Hindi - 6; EVS - 5; Maths - 5; Art & Craft - 2; Dictation & Cursive - 2; GK - 2; Games - 2; IT - 2; Music - 1; Yoga - 1,6,6,5,5,0,0,0,2,0,0,2,2,2,2,1,1,0,0,0,0,0,0,0,0,0,0,0,0
CLASS 3 Lily,Primary (1-5),Anubha,34,Eng - 6; Hindi - 6; EVS - 5; Maths - 5; Art & Craft - 2; Dictation & Cursive - 2; GK - 2; Games - 2; IT - 2; Music - 1; Yoga - 1,6,6,5,5,0,0,0,2,0,0,2,2,2,2,1,1,0,0,0,0,0,0,0,0,0,0,0,0
CLASS 3 Sunflower,Primary (1-5),Neha Rai,34,Eng - 6; Hindi - 6; EVS - 5; Maths - 5; Art & Craft - 2; Dictation & Cursive - 2; GK - 2; Games - 2; IT - 2; Music - 1; Yoga - 1,6,6,5,5,0,0,0,2,0,0,2,2,2,2,1,1,0,0,0,0,0,0,0,0,0,0,0,0
CLASS 4 Rose,Primary (1-5),Rajkmari Yadav,34,Eng - 6; Hindi - 6; EVS - 5; Maths - 5; Art & Craft - 2; Dictation & Cursive - 2; GK - 2; Games - 2; IT - 2; Music - 1; Yoga - 1,6,6,5,5,0,0,0,2,0,0,2,2,2,2,1,1,0,0,0,0,0,0,0,0,0,0,0,0
CLASS 4 Marigold,Primary (1-5),Arshee,34,Eng - 6; Hindi - 6; EVS - 5; Maths - 5; Art & Craft - 2; Dictation & Cursive - 2; GK - 2; Games - 2; IT - 2; Music - 1; Yoga - 1,6,6,5,5,0,0,0,2,0,0,2,2,2,2,1,1,0,0,0,0,0,0,0,0,0,0,0,0
CLASS 4 Lily,Primary (1-5),Arti Sagar,34,Eng - 6; Hindi - 6; EVS - 5; Maths - 5; Art & Craft - 2; Dictation & Cursive - 2; GK - 2; Games - 2; IT - 2; Music - 1; Yoga - 1,6,6,5,5,0,0,0,2,0,0,2,2,2,2,1,1,0,0,0,0,0,0,0,0,0,0,0,0
CLASS 5 Rose,Primary (1-5),Neelam Sahu,34,Eng - 6; Hindi - 6; EVS - 5; Maths - 5; Art & Craft - 2; Dictation & Cursive - 2; GK - 2; Games - 2; IT - 2; Music - 1; Yoga - 1,6,6,5,5,0,0,0,2,0,0,2,2,2,2,1,1,0,0,0,0,0,0,0,0,0,0,0,0
CLASS 5 Marigold,Primary (1-5),Shewta Dubey,34,Eng - 6; Hindi - 6; EVS - 5; Maths - 5; Art & Craft - 2; Dictation & Cursive - 2; GK - 2; Games - 2; IT - 2; Music - 1; Yoga - 1,6,6,5,5,0,0,0,2,0,0,2,2,2,2,1,1,0,0,0,0,0,0,0,0,0,0,0,0
CLASS 5 Lily,Primary (1-5),Sanchitika,34,Eng - 6; Hindi - 6; EVS - 5; Maths - 5; Art & Craft - 2; Dictation & Cursive - 2; GK - 2; Games - 2; IT - 2; Music - 1; Yoga - 1,6,6,5,5,0,0,0,2,0,0,2,2,2,2,1,1,0,0,0,0,0,0,0,0,0,0,0,0
CLASS 5 Sunflower,Primary (1-5),Anjali Nalvanshi,34,Eng - 6; Hindi - 6; EVS - 5; Maths - 5; Art & Craft - 2; Dictation & Cursive - 2; GK - 2; Games - 2; IT - 2; Music - 1; Yoga - 1,6,6,5,5,0,0,0,2,0,0,2,2,2,2,1,1,0,0,0,0,0,0,0,0,0,0,0,0
CLASS 6 Rose,Middle (6-8),Shruti Badkul,39,Maths - 6; Eng - 5; Hindi - 5; SST - 5; Science - 5; SKT - 3; GK - 2; Games - 2; IT - 2; Music - 2; Art & Craft - 1; Yoga - 1,5,5,6,0,5,5,3,0,0,0,2,2,1,2,1,2,0,0,0,0,0,0,0,0,0,0,0,0
CLASS 6 Marigold,Middle (6-8),Nidhi,39,Maths - 6; Eng - 5; Hindi - 5; SST - 5; Science - 5; SKT - 3; GK - 2; Games - 2; IT - 2; Music - 2; Art & Craft - 1; Yoga - 1,5,5,6,0,5,5,3,0,0,0,2,2,1,2,1,2,0,0,0,0,0,0,0,0,0,0,0,0
CLASS 6 Lily,Middle (6-8),Avdesh,39,Maths - 6; Eng - 5; Hindi - 5; SST - 5; Science - 5; SKT - 3; GK - 2; Games - 2; IT - 2; Music - 2; Art & Craft - 1; Yoga - 1,5,5,6,0,5,5,3,0,0,0,2,2,1,2,1,2,0,0,0,0,0,0,0,0,0,0,0,0
CLASS 6 Sunflower,Middle (6-8),Harshita,39,Maths - 6; Eng - 5; Hindi - 5; SST - 5; Science - 5; SKT - 3; GK - 2; Games - 2; IT - 2; Music - 2; Art & Craft - 1; Yoga - 1,5,5,6,0,5,5,3,0,0,0,2,2,1,2,1,2,0,0,0,0,0,0,0,0,0,0,0,0
CLASS 7 Rose,Middle (6-8),Charulata,39,Maths - 6; Eng - 5; Hindi - 5; SST - 5; Science - 5; SKT - 3; GK - 2; Games - 2; IT - 2; Music - 2; Art & Craft - 1; Yoga - 1,5,5,6,0,5,5,3,0,0,0,2,2,1,2,1,2,0,0,0,0,0,0,0,0,0,0,0,0
CLASS 7 Marigold,Middle (6-8),Deepmali,39,Maths - 6; Eng - 5; Hindi - 5; SST - 5; Science - 5; SKT - 3; GK - 2; Games - 2; IT - 2; Music - 2; Art & Craft - 1; Yoga - 1,5,5,6,0,5,5,3,0,0,0,2,2,1,2,1,2,0,0,0,0,0,0,0,0,0,0,0,0
CLASS 7 Lily,Middle (6-8),Anuraj,39,Maths - 6; Eng - 5; Hindi - 5; SST - 5; Science - 5; SKT - 3; GK - 2; Games - 2; IT - 2; Music - 2; Art & Craft - 1; Yoga - 1,5,5,6,0,5,5,3,0,0,0,2,2,1,2,1,2,0,0,0,0,0,0,0,0,0,0,0,0
CLASS 7 Sunflower,Middle (6-8),Jageshwar Sharma,39,Maths - 6; Eng - 5; Hindi - 5; SST - 5; Science - 5; SKT - 3; GK - 2; Games - 2; IT - 2; Music - 2; Art & Craft - 1; Yoga - 1,5,5,6,0,5,5,3,0,0,0,2,2,1,2,1,2,0,0,0,0,0,0,0,0,0,0,0,0
CLASS 8 Rose,Middle (6-8),Mraganshi,39,Maths - 6; Eng - 5; Hindi - 5; SST - 5; Science - 5; SKT - 3; GK - 2; Games - 2; IT - 2; Music - 2; Art & Craft - 1; Yoga - 1,5,5,6,0,5,5,3,0,0,0,2,2,1,2,1,2,0,0,0,0,0,0,0,0,0,0,0,0
CLASS 8 Marigold,Middle (6-8),Manish Chauhan,39,Maths - 6; Eng - 5; Hindi - 5; SST - 5; Science - 5; SKT - 3; GK - 2; Games - 2; IT - 2; Music - 2; Art & Craft - 1; Yoga - 1,5,5,6,0,5,5,3,0,0,0,2,2,1,2,1,2,0,0,0,0,0,0,0,0,0,0,0,0
CLASS 8 Lily,Middle (6-8),Somya Nayak,39,Maths - 6; Eng - 5; Hindi - 5; SST - 5; Science - 5; SKT - 3; GK - 2; Games - 2; IT - 2; Music - 2; Art & Craft - 1; Yoga - 1,5,5,6,0,5,5,3,0,0,0,2,2,1,2,1,2,0,0,0,0,0,0,0,0,0,0,0,0
CLASS 9 Rose,Secondary (9-10),Somya Rai,36,Maths - 9; SST - 6; Eng - 5; Hindi - 5; Bio - 3; Chem - 3; Physics - 3; Games - 2,5,5,9,0,0,6,0,0,0,0,0,0,0,2,0,0,3,3,3,0,0,0,0,0,0,0,0,0
CLASS 9 Marigold,Secondary (9-10),Anuj Jain,36,Maths - 9; SST - 6; Eng - 5; Hindi - 5; Bio - 3; Chem - 3; Physics - 3; Games - 2,5,5,9,0,0,6,0,0,0,0,0,0,0,2,0,0,3,3,3,0,0,0,0,0,0,0,0,0
CLASS 9 Lily,Secondary (9-10),Manish Mathur,36,Maths - 9; SST - 6; Eng - 5; Hindi - 5; Bio - 3; Chem - 3; Physics - 3; Games - 2,5,5,9,0,0,6,0,0,0,0,0,0,0,2,0,0,3,3,3,0,0,0,0,0,0,0,0,0
CLASS 10 Rose,Secondary (9-10),Rashmi,36,Maths - 9; Eng - 6; SST - 6; Hindi - 5; Bio - 3; Chem - 3; Physics - 3; Games - 1,6,5,9,0,0,6,0,0,0,0,0,0,0,1,0,0,3,3,3,0,0,0,0,0,0,0,0,0
CLASS 10 Marigold,Secondary (9-10),Jageshwar R,36,Maths - 9; Eng - 6; SST - 6; Hindi - 5; Bio - 3; Chem - 3; Physics - 3; Games - 1,6,5,9,0,0,6,0,0,0,0,0,0,0,1,0,0,3,3,3,0,0,0,0,0,0,0,0,0
CLASS 10 Lily,Secondary (9-10),Jyotsharan,36,Maths - 9; Eng - 6; SST - 6; Hindi - 5; Bio - 3; Chem - 3; Physics - 3; Games - 1,6,5,9,0,0,6,0,0,0,0,0,0,0,1,0,0,3,3,3,0,0,0,0,0,0,0,0,0
CLASS 11 (Bio + Math),Senior Secondary (11-12),Divya Upadhyay,36,Bio / Maths - 9; Chem - 9; Physics - 9; Eng - 6; PE - 2; PE Practical - 1,6,0,0,0,0,0,0,0,0,0,0,0,0,0,0,0,9,9,0,9,2,1,0,0,0,0,0,0
CLASS 11 Comm.,Senior Secondary (11-12),Shailandra,36,Account - 9; BST - 6; Eco - 6; Eng - 6; PE Practical - 4; Games - 3; PE - 2,6,0,0,0,0,0,0,0,0,0,0,0,0,3,0,0,0,0,0,0,2,4,9,6,6,0,0,0
CLASS 12 (Bio + Math),Senior Secondary (11-12),Ram Kumar,36,Bio / Maths - 9; Chem - 9; Physics - 9; Eng - 6; PE - 2; Games - 1,6,0,0,0,0,0,0,0,0,0,0,0,0,1,0,0,9,9,0,9,2,0,0,0,0,0,0,0
CLASS 12 (Comm.),Senior Secondary (11-12),Rahul Vishwakarma,36,Account - 9; BST - 6; Eco - 6; Eng - 6; PE Practical - 4; Games - 3; PE - 2,6,0,0,0,0,0,0,0,0,0,0,0,0,3,0,0,0,0,0,0,2,4,9,6,6,0,0,0
CLASS 12 (Arts),Senior Secondary (11-12),Rahul Vishwakarma,36,Eco - 6; Eng - 6; Geo - 6; Library - 6; Political Sci - 6; PE Practical - 4; PE - 2,6,0,0,0,0,0,0,0,0,0,0,0,0,0,0,0,0,0,0,0,2,4,0,0,6,6,6,6
